Title,Info,Rating,IMG_URL
Fullmetal Alchemist: Brotherhood,"TV (64 eps)
        Apr 2009 - Jul 2010
        2,877,376 members",9.14,https://cdn.myanimelist.net/r/50x70/images/anime/1223/96541.jpg?s=faffcb677a5eacd17bf761edd78bfb3f
Gintama°,"TV (51 eps)
        Apr 2015 - Mar 2016
        533,133 members",9.08,https://cdn.myanimelist.net/r/50x70/images/anime/3/72078.jpg?s=e9537ac90c08758594c787ede117f209
Shingeki no Kyojin Season 3 Part 2,"TV (10 eps)
        Apr 2019 - Jul 2019
        1,831,163 members",9.08,https://cdn.myanimelist.net/r/50x70/images/anime/1517/100633.jpg?s=4540a01b5883647ade494cd28392f100
Steins;Gate,"TV (24 eps)
        Apr 2011 - Sep 2011
        2,233,214 members",9.08,https://cdn.myanimelist.net/r/50x70/images/anime/5/73199.jpg?s=97b97d568f25a02cf5a22dda13b5371f
Spy x Family,"TV (12 eps)
        Apr 2022 - 
        692,169 members",9.06,https://cdn.myanimelist.net/r/50x70/images/anime/1441/122795.jpg?s=ba5838dcfffe4a5cd4988e09d8436c79
Gintama',"TV (51 eps)
        Apr 2011 - Mar 2012
        469,638 members",9.05,https://cdn.myanimelist.net/r/50x70/images/anime/4/50361.jpg?s=b3a061db8c3d42a055d58f9df1f3dac7
Gintama: The Final,"Movie (1 eps)
        Jan 2021 - Jan 2021
        101,656 members",9.05,https://cdn.myanimelist.net/r/50x70/images/anime/1988/113791.jpg?s=e12ba155fe4a7beff571a5010d8214b2
Hunter x Hunter (2011),"TV (148 eps)
        Oct 2011 - Sep 2014
        2,361,487 members",9.05,https://cdn.myanimelist.net/r/50x70/images/anime/1337/99013.jpg?s=1838e905a0aa3542a009fbcf78000701
Fruits Basket: The Final,"TV (13 eps)
        Apr 2021 - Jun 2021
        344,736 members",9.04,https://cdn.myanimelist.net/r/50x70/images/anime/1085/114792.jpg?s=bb4303c0804c9d5ca9fcb30b8f8e6783
Gintama': Enchousen,"TV (13 eps)
        Oct 2012 - Mar 2013
        280,513 members",9.04,https://cdn.myanimelist.net/r/50x70/images/anime/6/75172.jpg?s=38a6e800ace5bcbee7a17b6c351ba987
Ginga Eiyuu Densetsu,"OVA (110 eps)
        Jan 1988 - Mar 1997
        279,225 members",9.03,https://cdn.myanimelist.net/r/50x70/images/anime/13/13225.jpg?s=385cedad342e284c5765833ab1cddc1c
Gintama.,"TV (12 eps)
        Jan 2017 - Mar 2017
        267,453 members",8.99,https://cdn.myanimelist.net/r/50x70/images/anime/3/83528.jpg?s=948f092dd55fb2572f38a0e21f03b642
Kaguya-sama wa Kokurasetai: Ultra Romantic,"TV (12 eps)
        Apr 2022 - 
        464,298 members",8.98,https://cdn.myanimelist.net/r/50x70/images/anime/1160/122627.jpg?s=9b41450e9598d10c97fb4eeb7cca3737
3-gatsu no Lion 2nd Season,"TV (22 eps)
        Oct 2017 - Mar 2018
        350,925 members",8.96,https://cdn.myanimelist.net/r/50x70/images/anime/3/88469.jpg?s=becfbf556902bc3501e06a07354b9d76
Gintama,"TV (201 eps)
        Apr 2006 - Mar 2010
        941,338 members",8.95,https://cdn.myanimelist.net/r/50x70/images/anime/10/73274.jpg?s=ed42453c10ba12b03b1600d02725a174
Koe no Katachi,"Movie (1 eps)
        Sep 2016 - Sep 2016
        1,958,531 members",8.95,https://cdn.myanimelist.net/r/50x70/images/anime/1122/96435.jpg?s=56d2750d600af93a5d326daec7748cae
Violet Evergarden Movie,"Movie (1 eps)
        Sep 2020 - Sep 2020
        435,063 members",8.95,https://cdn.myanimelist.net/r/50x70/images/anime/1825/110716.jpg?s=3ad8359182d0b47905f28d0a68683171
Clannad: After Story,"TV (24 eps)
        Oct 2008 - Mar 2009
        1,077,690 members",8.94,https://cdn.myanimelist.net/r/50x70/images/anime/1299/110774.jpg?s=fcd9db2cfd72c10a2278f483173cfff9
Gintama Movie 2: Kanketsu-hen - Yorozuya yo Eien Nare,"Movie (1 eps)
        Jul 2013 - Jul 2013
        209,492 members",8.93,https://cdn.myanimelist.net/r/50x70/images/anime/10/51723.jpg?s=27cd24446486572fb64c42a689d38902
Code Geass: Hangyaku no Lelouch R2,"TV (25 eps)
        Apr 2008 - Sep 2008
        1,563,515 members",8.91,https://cdn.myanimelist.net/r/50x70/images/anime/4/9391.jpg?s=be052972605dd5422ef2df117766cff0
Owarimonogatari 2nd Season,"TV (7 eps)
        Aug 2017 - Aug 2017
        347,704 members",8.90,https://cdn.myanimelist.net/r/50x70/images/anime/6/87322.jpg?s=3e60507a4b6016d83e7433aa4cb7853e
Gintama.: Shirogane no Tamashii-hen - Kouhan-sen,"TV (14 eps)
        Jul 2018 - Oct 2018
        163,167 members",8.88,https://cdn.myanimelist.net/r/50x70/images/anime/1776/96566.jpg?s=e1aed468f049dd9444375e9149d33d65
Kimetsu no Yaiba: Yuukaku-hen,"TV (11 eps)
        Dec 2021 - Feb 2022
        866,489 members",8.88,https://cdn.myanimelist.net/r/50x70/images/anime/1908/120036.jpg?s=34065463bac342e6efe8bfdbed5d24de
Kimi no Na wa.,"Movie (1 eps)
        Aug 2016 - Aug 2016
        2,349,298 members",8.87,https://cdn.myanimelist.net/r/50x70/images/anime/5/87048.jpg?s=2bca128fcb9dfd6d0908f3d9986576c6
Shingeki no Kyojin: The Final Season Part 2,"TV (12 eps)
        Jan 2022 - Apr 2022
        850,203 members",8.86,https://cdn.myanimelist.net/r/50x70/images/anime/1948/120625.jpg?s=53584a9c479506f8c779fb38b02d1a6d
Shingeki no Kyojin: The Final Season,"TV (16 eps)
        Dec 2020 - Mar 2021
        1,580,501 members",8.85,https://cdn.myanimelist.net/r/50x70/images/anime/1000/110531.jpg?s=3df5ebb6800604dc04c6a6187dd7161b
Monster,"TV (74 eps)
        Apr 2004 - Sep 2005
        848,615 members",8.83,https://cdn.myanimelist.net/r/50x70/images/anime/10/18793.jpg?s=08c4f10a101c3835eeb14ca0715512bd
Mob Psycho 100 II,"TV (13 eps)
        Jan 2019 - Apr 2019
        1,229,027 members",8.81,https://cdn.myanimelist.net/r/50x70/images/anime/1918/96303.jpg?s=b5b51cff7ba201e4f1acf37f4f44e224
Gintama.: Shirogane no Tamashii-hen,"TV (12 eps)
        Jan 2018 - Mar 2018
        176,784 members",8.81,https://cdn.myanimelist.net/r/50x70/images/anime/12/89603.jpg?s=635cb89402d5d39f43767f3942e91206
Kingdom 4th Season,"TV (26 eps)
        Apr 2022 - 
        24,458 members",8.81,https://cdn.myanimelist.net/r/50x70/images/anime/1566/122794.jpg?s=1dd290c4b0bc3df1083c456064109e2f
Kingdom 3rd Season,"TV (26 eps)
        Apr 2020 - Oct 2021
        68,877 members",8.80,https://cdn.myanimelist.net/r/50x70/images/anime/1443/111830.jpg?s=a67f547ff56d05b36123d793df962b45
Kizumonogatari III: Reiketsu-hen,"Movie (1 eps)
        Jan 2017 - Jan 2017
        401,764 members",8.80,https://cdn.myanimelist.net/r/50x70/images/anime/1084/112813.jpg?s=db4fcf9c5e229584ca1b04bcebe2c3dc
Shiguang Dailiren,"ONA (11 eps)
        Apr 2021 - Jul 2021
        207,091 members",8.80,https://cdn.myanimelist.net/r/50x70/images/anime/1135/114867.jpg?s=048f06f7edb150d017394574a108c72c
Haikyuu!!: Karasuno Koukou vs. Shiratorizawa Gakuen Koukou,"TV (10 eps)
        Oct 2016 - Dec 2016
        1,031,519 members",8.79,https://cdn.myanimelist.net/r/50x70/images/anime/7/81992.jpg?s=6d977383e0b5dc1ba1c122213178e547
Monogatari Series: Second Season,"TV (26 eps)
        Jul 2013 - Dec 2013
        608,820 members",8.78,https://cdn.myanimelist.net/r/50x70/images/anime/1807/121534.jpg?s=2f42455822fc348ba1fd6c50e94fcce1
Sen to Chihiro no Kamikakushi,"Movie (1 eps)
        Jul 2001 - Jul 2001
        1,605,180 members",8.78,https://cdn.myanimelist.net/r/50x70/images/anime/6/79597.jpg?s=1f170071bc9a54ce2ba3c0d8c7aa6927
Cowboy Bebop,"TV (26 eps)
        Apr 1998 - Apr 1999
        1,609,517 members",8.76,https://cdn.myanimelist.net/r/50x70/images/anime/4/19644.jpg?s=bb1e96eb0a0224a57aa45443eab92575
Mushoku Tensei: Isekai Ittara Honki Dasu Part 2,"TV (12 eps)
        Oct 2021 - Dec 2021
        584,176 members",8.75,https://cdn.myanimelist.net/r/50x70/images/anime/1028/117777.jpg?s=99ecca20cac2345fc956fda60a5e025f
Shouwa Genroku Rakugo Shinjuu: Sukeroku Futatabi-hen,"TV (12 eps)
        Jan 2017 - Mar 2017
        169,001 members",8.75,https://cdn.myanimelist.net/r/50x70/images/anime/10/82947.jpg?s=9f1dd28adde3fea5a733d1cfd7be7ad6
Mushishi Zoku Shou 2nd Season,"TV (10 eps)
        Oct 2014 - Dec 2014
        236,003 members",8.74,https://cdn.myanimelist.net/r/50x70/images/anime/9/68095.jpg?s=6025adedafce15a9d2c9363e225241ba
Odd Taxi,"TV (13 eps)
        Apr 2021 - Jun 2021
        304,812 members",8.74,https://cdn.myanimelist.net/r/50x70/images/anime/1981/113348.jpg?s=38082dbb5a64de5fc2129a59c46c3fe0
Hajime no Ippo,"TV (75 eps)
        Oct 2000 - Mar 2002
        479,752 members",8.74,https://cdn.myanimelist.net/r/50x70/images/anime/4/86334.jpg?s=4b3096d30158e251d87c196e56c04e63
Vinland Saga,"TV (24 eps)
        Jul 2019 - Dec 2019
        1,090,858 members",8.73,https://cdn.myanimelist.net/r/50x70/images/anime/1500/103005.jpg?s=b21dbd168612f531ce4eec9bd53e272b
86 Part 2,"TV (12 eps)
        Oct 2021 - Mar 2022
        302,301 members",8.72,https://cdn.myanimelist.net/r/50x70/images/anime/1321/117508.jpg?s=c65bc9967a249eb362a1e037e13ebd73
Ashita no Joe 2,"TV (47 eps)
        Oct 1980 - Aug 1981
        41,498 members",8.71,https://cdn.myanimelist.net/r/50x70/images/anime/3/45028.jpg?s=bf58ff0c0759f78bf968a74ec535d0d2
Fate/stay night Movie: Heaven's Feel - III. Spring Song,"Movie (1 eps)
        Aug 2020 - Aug 2020
        272,113 members",8.71,https://cdn.myanimelist.net/r/50x70/images/anime/1142/112957.jpg?s=f0984cb6fcb8188ce26035b0b56de828
Mushishi Zoku Shou,"TV (10 eps)
        Apr 2014 - Jun 2014
        268,774 members",8.71,https://cdn.myanimelist.net/r/50x70/images/anime/13/58533.jpg?s=ff40f900ea0877725ccde517b126c531
Rurouni Kenshin: Meiji Kenkaku Romantan - Tsuioku-hen,"OVA (4 eps)
        Feb 1999 - Sep 1999
        256,896 members",8.71,https://cdn.myanimelist.net/r/50x70/images/anime/1899/94562.jpg?s=22f366cd920bfe56e26e000170631e7f
Mo Dao Zu Shi: Wanjie Pian,"ONA (12 eps)
        Aug 2021 - Oct 2021
        55,872 members",8.70,https://cdn.myanimelist.net/r/50x70/images/anime/1634/116782.jpg?s=f3e813705fd0d84678835c9f3d36f3dd
Code Geass: Hangyaku no Lelouch,"TV (25 eps)
        Oct 2006 - Jul 2007
        1,982,986 members",8.70,https://cdn.myanimelist.net/r/50x70/images/anime/5/50331.jpg?s=afd09d7e5d76283418a1a22e7c122ca9
Great Teacher Onizuka,"TV (43 eps)
        Jun 1999 - Sep 2000
        722,147 members",8.69,https://cdn.myanimelist.net/r/50x70/images/anime/13/11460.jpg?s=7e890b7e93b7b57c2de4aa90211931bd
Jujutsu Kaisen (TV),"TV (24 eps)
        Oct 2020 - Mar 2021
        1,848,763 members",8.69,https://cdn.myanimelist.net/r/50x70/images/anime/1171/109222.jpg?s=f5508bab9e7d610a28f12d1828a6ee79
Made in Abyss,"TV (13 eps)
        Jul 2017 - Sep 2017
        1,129,449 members",8.68,https://cdn.myanimelist.net/r/50x70/images/anime/6/86733.jpg?s=56ac623880ec87f3a0197e0391bc12c3
Made in Abyss Movie 3: Fukaki Tamashii no Reimei,"Movie (1 eps)
        Jan 2020 - Jan 2020
        323,111 members",8.68,https://cdn.myanimelist.net/r/50x70/images/anime/1502/110723.jpg?s=371a6b383817649bb1d3468f03522f66
Mononoke Hime,"Movie (1 eps)
        Jul 1997 - Jul 1997
        1,091,984 members",8.68,https://cdn.myanimelist.net/r/50x70/images/anime/7/75919.jpg?s=0d877ed9aa60cc49fdb128a2f68386e2
Mushishi,"TV (26 eps)
        Oct 2005 - Jun 2006
        737,963 members",8.67,https://cdn.myanimelist.net/r/50x70/images/anime/2/73862.jpg?s=d976f75f480430a0c9fde4455696131d
Shigatsu wa Kimi no Uso,"TV (22 eps)
        Oct 2014 - Mar 2015
        1,929,241 members",8.67,https://cdn.myanimelist.net/r/50x70/images/anime/3/67177.jpg?s=bc267f764bffe825e1e8d60f7185a2e9
Violet Evergarden,"TV (13 eps)
        Jan 2018 - Apr 2018
        1,498,839 members",8.67,https://cdn.myanimelist.net/r/50x70/images/anime/1795/95088.jpg?s=9e24a139603a4e0ea8ea055a230b54d5
Kimetsu no Yaiba Movie: Mugen Ressha-hen,"Movie (1 eps)
        Oct 2020 - Oct 2020
        1,138,852 members",8.67,https://cdn.myanimelist.net/r/50x70/images/anime/1704/106947.jpg?s=685b7fa652f5b3df29bd20fc2c8cb32e
Hajime no Ippo: New Challenger,"TV (26 eps)
        Jan 2009 - Jul 2009
        241,586 members",8.66,https://cdn.myanimelist.net/r/50x70/images/anime/8/56617.jpg?s=4c8a3a8180c114c3771eb183e5318a0e
Howl no Ugoku Shiro,"Movie (1 eps)
        Nov 2004 - Nov 2004
        1,123,942 members",8.66,https://cdn.myanimelist.net/r/50x70/images/anime/5/75810.jpg?s=2b3056507119467116017b42d3e1da8b
Haikyuu!! Second Season,"TV (25 eps)
        Oct 2015 - Mar 2016
        1,235,108 members",8.65,https://cdn.myanimelist.net/r/50x70/images/anime/9/76662.jpg?s=06ccfffc7b27ac5532d268b9934a224a
Kaguya-sama wa Kokurasetai? Tensai-tachi no Renai Zunousen,"TV (12 eps)
        Apr 2020 - Jun 2020
        1,071,183 members",8.65,https://cdn.myanimelist.net/r/50x70/images/anime/1764/106659.jpg?s=aab19d0f19e345e223dc26542ac3a28f
Natsume Yuujinchou Shi,"TV (13 eps)
        Jan 2012 - Mar 2012
        222,378 members",8.65,https://cdn.myanimelist.net/r/50x70/images/anime/3/37449.jpg?s=2bb045b3120e6a3a23257bb39689ae30
One Piece,"TV (? eps)
        Oct 1999 - 
        1,871,737 members",8.64,https://cdn.myanimelist.net/r/50x70/images/anime/6/73245.jpg?s=f792b8c9e28534ae455d06b15e686a14
Ousama Ranking,"TV (23 eps)
        Oct 2021 - Mar 2022
        406,675 members",8.64,https://cdn.myanimelist.net/r/50x70/images/anime/1347/117616.jpg?s=1fc7d9cfcad3dfca1cee2e11b5b74ef4
Tengen Toppa Gurren Lagann,"TV (27 eps)
        Apr 2007 - Sep 2007
        1,442,147 members",8.64,https://cdn.myanimelist.net/r/50x70/images/anime/4/5123.jpg?s=15bb64e0c8b13acfa5d0761308b66f59
Evangelion: 3.0+1.0 Thrice Upon a Time,"Movie (1 eps)
        Mar 2021 - Mar 2021
        290,155 members",8.64,https://cdn.myanimelist.net/r/50x70/images/anime/1422/113533.jpg?s=1e4f4aa0e597b1c1f082779ab9baa2fc
Natsume Yuujinchou Roku,"TV (11 eps)
        Apr 2017 - Jun 2017
        163,990 members",8.63,https://cdn.myanimelist.net/r/50x70/images/anime/6/84416.jpg?s=931f8a6bfc42adf9257eeb7641bad75e
Ping Pong the Animation,"TV (11 eps)
        Apr 2014 - Jun 2014
        340,930 members",8.62,https://cdn.myanimelist.net/r/50x70/images/anime/10/58041.jpg?s=fbfd98389b5a6f1a27979446e3f07abe
Seishun Buta Yarou wa Yumemiru Shoujo no Yume wo Minai,"Movie (1 eps)
        Jun 2019 - Jun 2019
        582,027 members",8.62,https://cdn.myanimelist.net/r/50x70/images/anime/1613/102179.jpg?s=9b762a892eac987081bada93be8d3bdc
Shingeki no Kyojin Season 3,"TV (12 eps)
        Jul 2018 - Oct 2018
        1,952,239 members",8.62,https://cdn.myanimelist.net/r/50x70/images/anime/1173/92110.jpg?s=410d006fea0608544e9861a6f261c692
Suzumiya Haruhi no Shoushitsu,"Movie (1 eps)
        Feb 2010 - Feb 2010
        559,124 members",8.62,https://cdn.myanimelist.net/r/50x70/images/anime/1248/112352.jpg?s=e62fda44bb62e1b938570096c39f9d05
Death Note,"TV (37 eps)
        Oct 2006 - Jun 2007
        3,397,038 members",8.62,https://cdn.myanimelist.net/r/50x70/images/anime/9/9453.jpg?s=b89e80691ac5cc0610847ccbe0b8424a
Fruits Basket: Prelude,"Movie (1 eps)
        Feb 2022 - Feb 2022
        53,804 members",8.62,https://cdn.myanimelist.net/r/50x70/images/anime/1034/120096.jpg?s=e71de341b6c0e5917e24da0be9af35dd
Mushishi Zoku Shou: Suzu no Shizuku,"Movie (1 eps)
        May 2015 - May 2015
        114,536 members",8.60,https://cdn.myanimelist.net/r/50x70/images/anime/9/72689.jpg?s=58cb067cc48352b42e376589c0b4dfcc
Ookami Kodomo no Ame to Yuki,"Movie (1 eps)
        Jul 2012 - Jul 2012
        733,856 members",8.59,https://cdn.myanimelist.net/r/50x70/images/anime/9/35721.jpg?s=3cb7f7062c2ef1c69ab18d7e3c04af2b
Hajime no Ippo: Rising,"TV (25 eps)
        Oct 2013 - Mar 2014
        214,835 members",8.59,https://cdn.myanimelist.net/r/50x70/images/anime/6/56147.jpg?s=7e50339d044aed8909d36bb9afa331d3
Kizumonogatari II: Nekketsu-hen,"Movie (1 eps)
        Aug 2016 - Aug 2016
        391,320 members",8.59,https://cdn.myanimelist.net/r/50x70/images/anime/1981/112812.jpg?s=be1337b450cee892a1083242c5e526c2
JoJo no Kimyou na Bouken Part 5: Ougon no Kaze,"TV (39 eps)
        Oct 2018 - Jul 2019
        834,854 members",8.58,https://cdn.myanimelist.net/r/50x70/images/anime/1572/95010.jpg?s=88db8e76960fce4e7aaa69f71cfbb4cb
Natsume Yuujinchou Go,"TV (11 eps)
        Oct 2016 - Dec 2016
        163,279 members",8.58,https://cdn.myanimelist.net/r/50x70/images/anime/11/81755.jpg?s=54d7dafe4652b04b40d97d5d6d97d18d
Natsume Yuujinchou San,"TV (13 eps)
        Jul 2011 - Sep 2011
        229,485 members",8.58,https://cdn.myanimelist.net/r/50x70/images/anime/8/82394.jpg?s=f3bc38aa1e6c10580687828856d8dc28
Shouwa Genroku Rakugo Shinjuu,"TV (13 eps)
        Jan 2016 - Apr 2016
        264,726 members",8.58,https://cdn.myanimelist.net/r/50x70/images/anime/2/77907.jpg?s=29933c26544d4f41ce39d88c586914b7
Tengen Toppa Gurren Lagann Movie 2: Lagann-hen,"Movie (1 eps)
        Apr 2009 - Apr 2009
        193,806 members",8.57,https://cdn.myanimelist.net/r/50x70/images/anime/12/19698.jpg?s=1be69978bb463a9b8284565cbf1bfb2f
Yojouhan Shinwa Taikei,"TV (11 eps)
        Apr 2010 - Jul 2010
        390,166 members",8.57,https://cdn.myanimelist.net/r/50x70/images/anime/10/50457.jpg?s=e159597465fa4799df1f8128a8683750
Fate/Zero 2nd Season,"TV (12 eps)
        Apr 2012 - Jun 2012
        1,000,610 members",8.57,https://cdn.myanimelist.net/r/50x70/images/anime/1522/117645.jpg?s=e54dcf99dc0874bc5b228ebe8496c857
Fruits Basket 2nd Season,"TV (25 eps)
        Apr 2020 - Sep 2020
        397,339 members",8.57,https://cdn.myanimelist.net/r/50x70/images/anime/1972/111635.jpg?s=9f6f5fa524e70efe80167f14f18b9163
Kimi no Suizou wo Tabetai,"Movie (1 eps)
        Sep 2018 - Sep 2018
        763,712 members",8.57,https://cdn.myanimelist.net/r/50x70/images/anime/1768/93291.jpg?s=9511a058515d30808733fff309b97756
Shoujo☆Kageki Revue Starlight Movie,"Movie (1 eps)
        Jun 2021 - Jun 2021
        9,702 members",8.56,https://cdn.myanimelist.net/r/50x70/images/anime/1378/119190.jpg?s=efa94668d516b81db418e026af363dae
Mushishi: Hihamukage,"Special (1 eps)
        Jan 2014 - Jan 2014
        124,333 members",8.55,https://cdn.myanimelist.net/r/50x70/images/anime/10/59315.jpg?s=a45594e7790d4a09b63722ca901cff1c
Neon Genesis Evangelion: The End of Evangelion,"Movie (1 eps)
        Jul 1997 - Jul 1997
        785,155 members",8.55,https://cdn.myanimelist.net/r/50x70/images/anime/1404/98182.jpg?s=890ec3587370861a797eb6b38b2ef21a
Zoku Natsume Yuujinchou,"TV (13 eps)
        Jan 2009 - Mar 2009
        226,595 members",8.55,https://cdn.myanimelist.net/r/50x70/images/anime/4/79738.jpg?s=dbd5bb99becb12fa6d689196afefa1ff
Bakuman. 3rd Season,"TV (25 eps)
        Oct 2012 - Mar 2013
        305,595 members",8.55,https://cdn.myanimelist.net/r/50x70/images/anime/6/41845.jpg?s=3e8c09dddfce41e17d602c0cd81875e1
Kimetsu no Yaiba,"TV (26 eps)
        Apr 2019 - Sep 2019
        2,422,105 members",8.55,https://cdn.myanimelist.net/r/50x70/images/anime/1286/99889.jpg?s=e497d08bef31ae412e314b90a54acfda
Haikyuu!! To the Top Part 2,"TV (12 eps)
        Oct 2020 - Dec 2020
        648,940 members",8.54,https://cdn.myanimelist.net/r/50x70/images/anime/1453/106768.jpg?s=08662a9ed32a8637dbdfa92f67949078
Kara no Kyoukai Movie 5: Mujun Rasen,"Movie (1 eps)
        Aug 2008 - Aug 2008
        218,355 members",8.54,https://cdn.myanimelist.net/r/50x70/images/anime/1574/112838.jpg?s=58d26fa18ddfe934b6795cf787d418b9
Kenpuu Denki Berserk,"TV (25 eps)
        Oct 1997 - Apr 1998
        536,521 members",8.54,https://cdn.myanimelist.net/r/50x70/images/anime/1384/119988.jpg?s=9260c7baa7b55d81d9f6375b55a803e6
Slam Dunk,"TV (101 eps)
        Oct 1993 - Mar 1996
        254,304 members",8.54,https://cdn.myanimelist.net/r/50x70/images/anime/12/86890.jpg?s=bfc7954502569ff5c4d3533dcde8230f
Sora yori mo Tooi Basho,"TV (13 eps)
        Jan 2018 - Mar 2018
        436,299 members",8.54,https://cdn.myanimelist.net/r/50x70/images/anime/6/89879.jpg?s=273f1505d409ac20eed3e0c255a2f903
Yakusoku no Neverland,"TV (12 eps)
        Jan 2019 - Mar 2019
        1,679,977 members",8.54,https://cdn.myanimelist.net/r/50x70/images/anime/1830/118780.jpg?s=4e8a1b5b13b15d3c9172d53e3aad887b
Shingeki no Kyojin,"TV (25 eps)
        Apr 2013 - Sep 2013
        3,413,083 members",8.53,https://cdn.myanimelist.net/r/50x70/images/anime/10/47347.jpg?s=29949c6e892df123f0b0563e836d3d98
Yuru Camp△ Season 2,"TV (13 eps)
        Jan 2021 - Apr 2021
        178,695 members",8.53,https://cdn.myanimelist.net/r/50x70/images/anime/1255/110636.jpg?s=2b6005aafc62e746b64d224e60a5a8b4
Fate/stay night Movie: Heaven's Feel - II. Lost Butterfly,"Movie (1 eps)
        Jan 2019 - Jan 2019
        320,746 members",8.53,https://cdn.myanimelist.net/r/50x70/images/anime/1974/98158.jpg?s=ec1b1ac07bd5fcd166381a293ae7dbee
Gintama.: Porori-hen,"TV (13 eps)
        Oct 2017 - Dec 2017
        172,529 members",8.53,https://cdn.myanimelist.net/r/50x70/images/anime/11/88325.jpg?s=01d05bdfad24f28a33faa4c5177eb02f
Jujutsu Kaisen 0 Movie,"Movie (1 eps)
        Dec 2021 - Dec 2021
        396,534 members",8.53,https://cdn.myanimelist.net/r/50x70/images/anime/1121/119044.jpg?s=1ff4db7140a7d31a110576b2699c87c1
Gintama Movie 1: Shinyaku Benizakura-hen,"Movie (1 eps)
        Apr 2010 - Apr 2010
        144,996 members",8.52,https://cdn.myanimelist.net/r/50x70/images/anime/4/28803.jpg?s=1a07403e7ad052636b75f341dc5d2b73
Koukaku Kidoutai: Stand Alone Complex 2nd GIG,"TV (26 eps)
        Jan 2004 - Jan 2005
        210,570 members",8.52,https://cdn.myanimelist.net/r/50x70/images/anime/1480/100555.jpg?s=e05ca8d80d3998cb91cf1f9a775b78fd
Perfect Blue,"Movie (1 eps)
        Feb 1998 - Feb 1998
        562,510 members",8.52,https://cdn.myanimelist.net/r/50x70/images/anime/11/79127.jpg?s=9b05b16f15f6d4d6ead6a275493a0c41
Steins;Gate 0,"TV (23 eps)
        Apr 2018 - Sep 2018
        757,738 members",8.52,https://cdn.myanimelist.net/r/50x70/images/anime/1375/93521.jpg?s=d4b7e6cbc3f675048b0f1e33adefe445
Nana,"TV (47 eps)
        Apr 2006 - Mar 2007
        545,874 members",8.51,https://cdn.myanimelist.net/r/50x70/images/anime/2/11232.jpg?s=fdcbc61fd7e6407fe3810192a1684acd
One Punch Man,"TV (12 eps)
        Oct 2015 - Dec 2015
        2,787,267 members",8.51,https://cdn.myanimelist.net/r/50x70/images/anime/12/76049.jpg?s=40b6c7dbbbb94c44675116d301150078
Uchuu Kyoudai,"TV (99 eps)
        Apr 2012 - Mar 2014
        175,041 members",8.51,https://cdn.myanimelist.net/r/50x70/images/anime/7/37573.jpg?s=06ec6a5082edeba2a16056a042858ab5
Ansatsu Kyoushitsu 2nd Season,"TV (25 eps)
        Jan 2016 - Jul 2016
        1,228,557 members",8.51,https://cdn.myanimelist.net/r/50x70/images/anime/8/77966.jpg?s=4161bf9d25a2816af9642ead2cd3a831
Banana Fish,"TV (24 eps)
        Jul 2018 - Dec 2018
        708,591 members",8.51,https://cdn.myanimelist.net/r/50x70/images/anime/1190/93472.jpg?s=a44d13e8e51c4c0e8f80f019e142614c
Hotaru no Haka,"Movie (1 eps)
        Apr 1988 - Apr 1988
        574,681 members",8.51,https://cdn.myanimelist.net/r/50x70/images/anime/7/75808.jpg?s=ced3a39f507fbd93b4f63edd9d1650b8
Karakai Jouzu no Takagi-san 3,"TV (12 eps)
        Jan 2022 - Mar 2022
        130,717 members",8.51,https://cdn.myanimelist.net/r/50x70/images/anime/1861/120361.jpg?s=5334524cd9458aa6780d00471b2f07d7
Aria the Origination,"TV (13 eps)
        Jan 2008 - Apr 2008
        114,878 members",8.50,https://cdn.myanimelist.net/r/50x70/images/anime/6/77623.jpg?s=9423b1d79350b92de1c3a4babb29ea6b
JoJo no Kimyou na Bouken Part 4: Diamond wa Kudakenai,"TV (39 eps)
        Apr 2016 - Dec 2016
        929,316 members",8.50,https://cdn.myanimelist.net/r/50x70/images/anime/3/79156.jpg?s=9189ddeb4a702d774b985fe16f315a81
Samurai Champloo,"TV (26 eps)
        May 2004 - Mar 2005
        1,097,819 members",8.50,https://cdn.myanimelist.net/r/50x70/images/anime/1375/121599.jpg?s=690d61d9517bcc79a007c21f1e9b58e8
Shingeki no Kyojin Season 2,"TV (12 eps)
        Apr 2017 - Jun 2017
        2,307,975 members",8.50,https://cdn.myanimelist.net/r/50x70/images/anime/4/84177.jpg?s=74f2f396ab23eee08691546aaa2c6fad
Tian Guan Ci Fu Special,"ONA (1 eps)
        Feb 2021 - Feb 2021
        30,298 members",8.50,https://cdn.myanimelist.net/r/50x70/images/anime/1043/110306.jpg?s=4ad346d5d71ea633f204f838891b72c7
Rainbow: Nisha Rokubou no Shichinin,"TV (26 eps)
        Apr 2010 - Sep 2010
        357,680 members",8.49,https://cdn.myanimelist.net/r/50x70/images/anime/9/72697.jpg?s=4752a62572e2172fe039d10d7163a125
Mob Psycho 100,"TV (12 eps)
        Jul 2016 - Sep 2016
        1,721,657 members",8.48,https://cdn.myanimelist.net/r/50x70/images/anime/8/80356.jpg?s=1d7f8902c64d166b821e50ea68267c2a
Re:Zero kara Hajimeru Isekai Seikatsu 2nd Season Part 2,"TV (12 eps)
        Jan 2021 - Mar 2021
        695,789 members",8.48,https://cdn.myanimelist.net/r/50x70/images/anime/1724/117421.jpg?s=7cb81cc30fde7c71dfa4279cdcc18262
Chihayafuru 3,"TV (24 eps)
        Oct 2019 - Mar 2020
        119,005 members",8.48,https://cdn.myanimelist.net/r/50x70/images/anime/1898/110709.jpg?s=43f1e4859f31ae7b736048e1aeafa246
Gintama: The Semi-Final,"Special (2 eps)
        Jan 2021 - Jan 2021
        55,116 members",8.48,https://cdn.myanimelist.net/r/50x70/images/anime/1694/110521.jpg?s=b433e81b786eb85104bf7621078f4509
Kono Subarashii Sekai ni Shukufuku wo! Movie: Kurenai Densetsu,"Movie (1 eps)
        Aug 2019 - Aug 2019
        635,194 members",8.47,https://cdn.myanimelist.net/r/50x70/images/anime/1638/119321.jpg?s=9d54492700ed5fa0d7ce691a7ecaac6d
Mo Dao Zu Shi,"ONA (15 eps)
        Jul 2018 - Oct 2018
        191,765 members",8.47,https://cdn.myanimelist.net/r/50x70/images/anime/1253/93893.jpg?s=7f7fdff1f5c7ebd1cb5469cebb7fddda
Nichijou,"TV (26 eps)
        Apr 2011 - Sep 2011
        784,914 members",8.46,https://cdn.myanimelist.net/r/50x70/images/anime/3/75617.jpg?s=a6141f357026aca2496b1a9debaf9d2b
Owarimonogatari,"TV (12 eps)
        Oct 2015 - Dec 2015
        433,267 members",8.46,https://cdn.myanimelist.net/r/50x70/images/anime/8/76479.jpg?s=06972a9be6f61b90db15c82e26ffffa8
Steins;Gate Movie: Fuka Ryouiki no Déjà vu,"Movie (1 eps)
        Apr 2013 - Apr 2013
        533,436 members",8.46,https://cdn.myanimelist.net/r/50x70/images/anime/1611/112806.jpg?s=c9538c011d7fc90662a6ba3bf7fe7939
Zoku Owarimonogatari,"Movie (6 eps)
        Nov 2018 - Nov 2018
        196,694 members",8.46,https://cdn.myanimelist.net/r/50x70/images/anime/1022/96168.jpg?s=f029ef4f042b18083f8378d1047dd780
Josee to Tora to Sakana-tachi,"Movie (1 eps)
        Dec 2020 - Dec 2020
        293,291 members",8.46,https://cdn.myanimelist.net/r/50x70/images/anime/1714/108892.jpg?s=91c32e474b4264f69ad23b4208a67ebe
Mahou Shoujo Madoka★Magica Movie 3: Hangyaku no Monogatari,"Movie (1 eps)
        Oct 2013 - Oct 2013
        337,078 members",8.46,https://cdn.myanimelist.net/r/50x70/images/anime/5/54231.jpg?s=290c9412a715da372f5393aa76a8c5d6
Golden Kamuy 3rd Season,"TV (12 eps)
        Oct 2020 - Dec 2020
        125,546 members",8.45,https://cdn.myanimelist.net/r/50x70/images/anime/1763/108108.jpg?s=22d3f08e16a4dc2ae42c578afb5601a3
Haikyuu!!,"TV (25 eps)
        Apr 2014 - Sep 2014
        1,688,598 members",8.45,https://cdn.myanimelist.net/r/50x70/images/anime/7/76014.jpg?s=ef5c00cb929dcd690c87f56e6d1b0c8a
Mo Dao Zu Shi: Xian Yun Pian,"ONA (8 eps)
        Aug 2019 - Sep 2019
        84,281 members",8.45,https://cdn.myanimelist.net/r/50x70/images/anime/1404/106707.jpg?s=93d13ce542660657245004605b5aa2ac
Saenai Heroine no Sodatekata Fine,"Movie (1 eps)
        Oct 2019 - Oct 2019
        149,645 members",8.45,https://cdn.myanimelist.net/r/50x70/images/anime/1671/111411.jpg?s=a4ec323a1a79e0ade2f7c5aaca88bafb
Vivy: Fluorite Eye's Song,"TV (13 eps)
        Apr 2021 - Jun 2021
        417,888 members",8.45,https://cdn.myanimelist.net/r/50x70/images/anime/1637/115052.jpg?s=3ae12e5655172683b122c2d0f32c257d
Wu Liuqi Zhi Xuanwu Guo Pian,"ONA (10 eps)
        Jan 2021 - May 2021
        35,357 members",8.45,https://cdn.myanimelist.net/r/50x70/images/anime/1884/111224.jpg?s=bd20cad00db54c393cc635e429bdb9ef
Yuu☆Yuu☆Hakusho,"TV (112 eps)
        Oct 1992 - Jan 1995
        595,904 members",8.45,https://cdn.myanimelist.net/r/50x70/images/anime/1228/111372.jpg?s=564b60dca1108a5de9706ee146556481
Mushishi Zoku Shou: Odoro no Michi,"Special (1 eps)
        Aug 2014 - Aug 2014
        90,328 members",8.44,https://cdn.myanimelist.net/r/50x70/images/anime/8/63539.jpg?s=68a1b75daf7fbe8bc816301a2888eef4
Saiki Kusuo no Ψ-nan 2,"TV (24 eps)
        Jan 2018 - Jun 2018
        535,789 members",8.44,https://cdn.myanimelist.net/r/50x70/images/anime/1961/91383.jpg?s=98a1123f1f794ba0c851840461394e4f
Gintama: Yorinuki Gintama-san on Theater 2D,"Movie (2 eps)
        Aug 2012 - Aug 2012
        39,179 members",8.44,https://cdn.myanimelist.net/r/50x70/images/anime/1172/90571.jpg?s=ca93bbed324d77e2e4bf81178e7f4ba2
JoJo no Kimyou na Bouken Part 3: Stardust Crusaders 2nd Season,"TV (24 eps)
        Jan 2015 - Jun 2015
        927,043 members",8.44,https://cdn.myanimelist.net/r/50x70/images/anime/11/75045.jpg?s=f50d24a2193eebe6b4cf0324cc93333c
Grand Blue,"TV (12 eps)
        Jul 2018 - Sep 2018
        635,837 members",8.43,https://cdn.myanimelist.net/r/50x70/images/anime/1302/94882.jpg?s=3fc1cd740bf7ba7389dcd7aa9576af4e
Kono Oto Tomare! Part 2,"TV (13 eps)
        Oct 2019 - Dec 2019
        137,479 members",8.43,https://cdn.myanimelist.net/r/50x70/images/anime/1422/111621.jpg?s=e3a85578ef04eee2d779b113a9aca245
Koukaku Kidoutai: Stand Alone Complex,"TV (26 eps)
        Oct 2002 - Oct 2003
        364,967 members",8.43,https://cdn.myanimelist.net/r/50x70/images/anime/11/50857.jpg?s=4ac2b90079ffba4dee9a72852d852779
Mononoke,"TV (12 eps)
        Jul 2007 - Sep 2007
        276,410 members",8.43,https://cdn.myanimelist.net/r/50x70/images/anime/3/20713.jpg?s=3938ebc2f550dbab2563df778857ee86
Saiki Kusuo no Ψ-nan,"TV (120 eps)
        Jul 2016 - Dec 2016
        912,760 members",8.43,https://cdn.myanimelist.net/r/50x70/images/anime/11/80167.jpg?s=1c4f87499deea4f4dbc09805e23bf243
Major S5,"TV (25 eps)
        Jan 2009 - Jun 2009
        65,329 members",8.42,https://cdn.myanimelist.net/r/50x70/images/anime/9/75218.jpg?s=2a0ccaba4c466d690270815f23a3b650
Yoru ni Kakeru,"Music (1 eps)
        Nov 2019 - Nov 2019
        12,738 members",8.42,https://cdn.myanimelist.net/r/50x70/images/anime/1826/114039.jpg?s=539a590df921e2600ff4e09c909e5609
Natsume Yuujinchou Movie: Utsusemi ni Musubu,"Movie (1 eps)
        Sep 2018 - Sep 2018
        60,137 members",8.41,https://cdn.myanimelist.net/r/50x70/images/anime/1250/94846.jpg?s=186bc126139583f2a56bb80c6575ce80
Paripi Koumei,"TV (12 eps)
        Apr 2022 - 
        132,389 members",8.41,https://cdn.myanimelist.net/r/50x70/images/anime/1970/122297.jpg?s=eca5a61413e7c708f3258dbfa3a2e4cb
Sayonara no Asa ni Yakusoku no Hana wo Kazarou,"Movie (1 eps)
        Feb 2018 - Feb 2018
        356,069 members",8.41,https://cdn.myanimelist.net/r/50x70/images/anime/11/89556.jpg?s=c81e5bf28128120f3ebe27b03bb2e527
Shingeki no Kyojin: Kuinaki Sentaku,"OVA (2 eps)
        Dec 2014 - Apr 2015
        445,639 members",8.41,https://cdn.myanimelist.net/r/50x70/images/anime/8/69497.jpg?s=a8c7a9cf76d4a6e498a5cb725b9b130c
Violet Evergarden Gaiden: Eien to Jidou Shuki Ningyou,"Movie (1 eps)
        Sep 2019 - Sep 2019
        332,566 members",8.41,https://cdn.myanimelist.net/r/50x70/images/anime/1667/112943.jpg?s=7427319acfcda03bee52afb64700af90
Kara no Kyoukai Movie 7: Satsujin Kousatsu (Go),"Movie (1 eps)
        Aug 2009 - Aug 2009
        190,102 members",8.41,https://cdn.myanimelist.net/r/50x70/images/anime/9/56619.jpg?s=7c65dc2e6a174deb88141b3a73ed2380
Kaze ga Tsuyoku Fuiteiru,"TV (23 eps)
        Oct 2018 - Mar 2019
        260,352 members",8.41,https://cdn.myanimelist.net/r/50x70/images/anime/1692/93918.jpg?s=e59dc486d48ca2ba6e41e083952d9464
Chihayafuru 2,"TV (25 eps)
        Jan 2013 - Jun 2013
        213,654 members",8.40,https://cdn.myanimelist.net/r/50x70/images/anime/6/47435.jpg?s=96425fd590fd89663edeb6b57f8762b3
Cross Game,"TV (50 eps)
        Apr 2009 - Mar 2010
        114,465 members",8.40,https://cdn.myanimelist.net/r/50x70/images/anime/6/22103.jpg?s=e10cc8df9c87122f488fa4a3dfeaf9fb
Gintama°: Aizome Kaori-hen,"OVA (2 eps)
        Aug 2016 - Nov 2016
        74,673 members",8.40,https://cdn.myanimelist.net/r/50x70/images/anime/8/79704.jpg?s=5dbb3f40129de07167e6717c2a49919b
Houseki no Kuni (TV),"TV (12 eps)
        Oct 2017 - Dec 2017
        388,690 members",8.40,https://cdn.myanimelist.net/r/50x70/images/anime/3/88293.jpg?s=2f89ca5ffbebe4fef879fa9b983d716c
Hunter x Hunter,"TV (62 eps)
        Oct 1999 - Mar 2001
        520,314 members",8.40,https://cdn.myanimelist.net/r/50x70/images/anime/8/19473.jpg?s=525922d3664d9544246cf210795e7783
JoJo no Kimyou na Bouken Part 6: Stone Ocean,"ONA (12 eps)
        Dec 2021 - Dec 2021
        332,180 members",8.40,https://cdn.myanimelist.net/r/50x70/images/anime/1896/119844.jpg?s=ad994ecd980913daa64c84a5a3da11bb
Kaguya-sama wa Kokurasetai: Tensai-tachi no Renai Zunousen,"TV (12 eps)
        Jan 2019 - Mar 2019
        1,411,790 members",8.40,https://cdn.myanimelist.net/r/50x70/images/anime/1295/106551.jpg?s=ea15a93e0d25bce3e6c15e2c3ddb66a1
Natsume Yuujinchou Roku Specials,"Special (2 eps)
        Sep 2017 - Oct 2017
        40,127 members",8.40,https://cdn.myanimelist.net/r/50x70/images/anime/10/87615.jpg?s=7fa0a56172c0fceaaaa8769d87d4d927
Non Non Biyori Nonstop,"TV (12 eps)
        Jan 2021 - Mar 2021
        101,706 members",8.40,https://cdn.myanimelist.net/r/50x70/images/anime/1033/111540.jpg?s=b3183aeb226e09a0416e4a31f13a24f8
Tensei shitara Slime Datta Ken 2nd Season,"TV (12 eps)
        Jan 2021 - Mar 2021
        728,743 members",8.40,https://cdn.myanimelist.net/r/50x70/images/anime/1271/109841.jpg?s=8abec65944244475ed90db5cf43e3c7a
Tian Guan Ci Fu,"ONA (11 eps)
        Oct 2020 - Jan 2021
        93,726 members",8.39,https://cdn.myanimelist.net/r/50x70/images/anime/1319/109301.jpg?s=f4dfec0f11710c6cfc65a15c0040c6d4
3-gatsu no Lion,"TV (22 eps)
        Oct 2016 - Mar 2017
        603,400 members",8.39,https://cdn.myanimelist.net/r/50x70/images/anime/6/82898.jpg?s=00b1b6c5680f33173c6f0c7664bb2a52
Barakamon,"TV (12 eps)
        Jul 2014 - Sep 2014
        596,974 members",8.39,https://cdn.myanimelist.net/r/50x70/images/anime/1426/111248.jpg?s=8abf35da87707ea81557e0287f88eb76
Fumetsu no Anata e,"TV (20 eps)
        Apr 2021 - Aug 2021
        675,313 members",8.39,https://cdn.myanimelist.net/r/50x70/images/anime/1880/118484.jpg?s=73b91a0146dfa5fadc5ff9f870c72741
Kimetsu no Yaiba: Mugen Ressha-hen,"TV (7 eps)
        Oct 2021 - Nov 2021
        422,227 members",8.39,https://cdn.myanimelist.net/r/50x70/images/anime/1065/118763.jpg?s=96fd0aa8c83e6ac9b0375671c9160968
Baccano!,"TV (13 eps)
        Jul 2007 - Nov 2007
        827,879 members",8.38,https://cdn.myanimelist.net/r/50x70/images/anime/3/14547.jpg?s=32ce1ad2936def90d8b51ddeef6a82cd
Cowboy Bebop: Tengoku no Tobira,"Movie (1 eps)
        Sep 2001 - Sep 2001
        332,803 members",8.38,https://cdn.myanimelist.net/r/50x70/images/anime/1439/93480.jpg?s=217164eb9dcb906162f44881547dd22b
Kamisama Hajimemashita: Kako-hen,"OVA (4 eps)
        Aug 2015 - Aug 2016
        145,234 members",8.38,https://cdn.myanimelist.net/r/50x70/images/anime/3/81250.jpg?s=0f36fe7a3f5ee0bc66190c5a1feef8a1
Kizumonogatari I: Tekketsu-hen,"Movie (1 eps)
        Jan 2016 - Jan 2016
        467,987 members",8.38,https://cdn.myanimelist.net/r/50x70/images/anime/1783/112810.jpg?s=21ada9780dfe8eaa40cc9a41580bbaba
Kobayashi-san Chi no Maid Dragon S,"TV (12 eps)
        Jul 2021 - Sep 2021
        441,392 members",8.38,https://cdn.myanimelist.net/r/50x70/images/anime/1252/115539.jpg?s=5549a01aefb94d1d6a0b76b77092b550
Mahou Shoujo Madoka★Magica Movie 2: Eien no Monogatari,"Movie (1 eps)
        Oct 2012 - Oct 2012
        184,857 members",8.38,https://cdn.myanimelist.net/r/50x70/images/anime/6/42265.jpg?s=9008efb885dc37963677bd99b87784b3
Sono Bisque Doll wa Koi wo Suru,"TV (12 eps)
        Jan 2022 - Mar 2022
        662,108 members",8.38,https://cdn.myanimelist.net/r/50x70/images/anime/1179/119897.jpg?s=f642a2bad47bf9e016ec0efceb5bd13b
Usagi Drop,"TV (11 eps)
        Jul 2011 - Sep 2011
        451,809 members",8.38,https://cdn.myanimelist.net/r/50x70/images/anime/2/29665.jpg?s=4921bb7bab905258c4f675cde9ee400b
Yahari Ore no Seishun Love Comedy wa Machigatteiru. Kan,"TV (12 eps)
        Jul 2020 - Sep 2020
        600,521 members",8.38,https://cdn.myanimelist.net/r/50x70/images/anime/1958/107912.jpg?s=f81054ad8ef432d1211eccc1a89bb20c
Mushoku Tensei: Isekai Ittara Honki Dasu,"TV (11 eps)
        Jan 2021 - Mar 2021
        930,287 members",8.37,https://cdn.myanimelist.net/r/50x70/images/anime/1530/117776.jpg?s=66e9881567062ce45eddd8330bd9cc30
Re:Zero kara Hajimeru Isekai Seikatsu 2nd Season,"TV (13 eps)
        Jul 2020 - Sep 2020
        928,281 members",8.37,https://cdn.myanimelist.net/r/50x70/images/anime/1444/108005.jpg?s=b998e66dcfad4bbd4510b9ece4c9eb99
Kaze no Tani no Nausicaä,"Movie (1 eps)
        Mar 1984 - Mar 1984
        328,709 members",8.37,https://cdn.myanimelist.net/r/50x70/images/anime/10/75914.jpg?s=7baf536ca16c2625bd3d615972f1fbfc
Bakuman. 2nd Season,"TV (25 eps)
        Oct 2011 - Mar 2012
        327,361 members",8.36,https://cdn.myanimelist.net/r/50x70/images/anime/3/34923.jpg?s=687c7ca6984aaf49e789ee724bfe1dc8
Haikyuu!! To the Top,"TV (13 eps)
        Jan 2020 - Apr 2020
        767,691 members",8.36,https://cdn.myanimelist.net/r/50x70/images/anime/1813/105367.jpg?s=2c637559f268084c193510cb1e0853e3
Hellsing Ultimate,"OVA (10 eps)
        Feb 2006 - Dec 2012
        815,586 members",8.36,https://cdn.myanimelist.net/r/50x70/images/anime/6/7333.jpg?s=00a2f1443aaff74d48d9a5547db67cc3
Holo no Graffiti,"ONA (? eps)
        May 2019 - 
        45,317 members",8.36,https://cdn.myanimelist.net/r/50x70/images/anime/1259/110227.jpg?s=08c77f58ab974a8fc36af5e2eac9040a
Kingdom 2nd Season,"TV (39 eps)
        Jun 2013 - Mar 2014
        101,678 members",8.36,https://cdn.myanimelist.net/r/50x70/images/anime/13/53589.jpg?s=780066d781b44e43c59ebf5219c607d8
Kotarou wa Hitorigurashi,"ONA (10 eps)
        Mar 2022 - Mar 2022
        70,493 members",8.36,https://cdn.myanimelist.net/r/50x70/images/anime/1862/121020.jpg?s=a4be08a28016e831c55bf20ce272cfd2
Mahou Shoujo Madoka★Magica,"TV (12 eps)
        Jan 2011 - Apr 2011
        1,148,503 members",8.36,https://cdn.myanimelist.net/r/50x70/images/anime/11/55225.jpg?s=cff930c5de079dbeab2107067050e03c
Gintama: Shiroyasha Koutan,"Special (1 eps)
        Sep 2008 - Sep 2008
        62,934 members",8.35,https://cdn.myanimelist.net/r/50x70/images/anime/6/16161.jpg?s=d86b56f6fa0b0b2ea38f6f52bbf35056
Given,"TV (11 eps)
        Jul 2019 - Sep 2019
        464,192 members",8.35,https://cdn.myanimelist.net/r/50x70/images/anime/1666/102238.jpg?s=83f09aa12b3e071b0761c6aedea010a6
Gotcha!,"Music (1 eps)
        Sep 2020 - Sep 2020
        24,895 members",8.35,https://cdn.myanimelist.net/r/50x70/images/anime/1637/109512.jpg?s=19da8c4b831cf9fe8b0b7def3e4daa11
Kiseijuu: Sei no Kakuritsu,"TV (24 eps)
        Oct 2014 - Mar 2015
        1,628,032 members",8.35,https://cdn.myanimelist.net/r/50x70/images/anime/3/73178.jpg?s=aeb28b4778c7bcdfcb0004cbb1a55523
Made in Abyss Movie 2: Hourou Suru Tasogare,"Movie (1 eps)
        Jan 2019 - Jan 2019
        93,456 members",8.35,https://cdn.myanimelist.net/r/50x70/images/anime/1336/95168.jpg?s=a5f2e9e90804daf6278e510d0164b12d
Psycho-Pass,"TV (22 eps)
        Oct 2012 - Mar 2013
        1,459,688 members",8.35,https://cdn.myanimelist.net/r/50x70/images/anime/5/43399.jpg?s=a5f419aedb5908dfd0a419e6abfb588b
Major S6,"TV (25 eps)
        Apr 2010 - Sep 2010
        57,648 members",8.34,https://cdn.myanimelist.net/r/50x70/images/anime/2/75216.jpg?s=c5d9e4b0b6af882efd7c2ef23802e67d
Mobile Suit Gundam: The Origin,"OVA (6 eps)
        Feb 2015 - May 2018
        62,834 members",8.34,https://cdn.myanimelist.net/r/50x70/images/anime/4/72702.jpg?s=02880f9b4c66b7d0163247e35513e17f
Natsume Yuujinchou: Itsuka Yuki no Hi ni,"OVA (1 eps)
        Feb 2014 - Feb 2014
        72,759 members",8.34,https://cdn.myanimelist.net/r/50x70/images/anime/11/79742.jpg?s=75845af879606bdd39df23f88e029330
Neon Genesis Evangelion,"TV (26 eps)
        Oct 1995 - Mar 1996
        1,545,974 members",8.34,https://cdn.myanimelist.net/r/50x70/images/anime/1314/108941.jpg?s=8055a0c1ad69357576fc40b690b63b03
One Outs,"TV (25 eps)
        Oct 2008 - Apr 2009
        213,728 members",8.34,https://cdn.myanimelist.net/r/50x70/images/anime/7/21065.jpg?s=f072084cc11c8f6d110959a0b894d57c
Romeo no Aoi Sora,"TV (33 eps)
        Jan 1995 - Dec 1995
        44,204 members",8.34,https://cdn.myanimelist.net/r/50x70/images/anime/4/17979.jpg?s=0b2d6ebde2359d7f11653456d5dba4d7
Summertime Render,"TV (25 eps)
        Apr 2022 - 
        159,203 members",8.34,https://cdn.myanimelist.net/r/50x70/images/anime/1120/120796.jpg?s=a52ff27a36d2c027953221d2627c898e
Uchuu Senkan Yamato 2199,"OVA (26 eps)
        May 2012 - Oct 2013
        104,828 members",8.34,https://cdn.myanimelist.net/r/50x70/images/anime/2/36607.jpg?s=5c1a28568a211edad30f1b8d210c64ff
Bakemonogatari,"TV (15 eps)
        Jul 2009 - Jun 2010
        1,275,704 members",8.34,https://cdn.myanimelist.net/r/50x70/images/anime/11/75274.jpg?s=3bb5c42c0803621dde09c52f5c4d4249
K-On! Movie,"Movie (1 eps)
        Dec 2011 - Dec 2011
        293,123 members",8.34,https://cdn.myanimelist.net/r/50x70/images/anime/5/76233.jpg?s=73f3861d89e8cc4fa3f0c1fb3dd13813
Ano Hi Mita Hana no Namae wo Bokutachi wa Mada Shiranai.,"TV (11 eps)
        Apr 2011 - Jun 2011
        1,455,400 members",8.33,https://cdn.myanimelist.net/r/50x70/images/anime/5/79697.jpg?s=c664a137ce3f854a2343cf39921ae579
Doupo Cangqiong: San Nian Zhi Yue,"ONA (13 eps)
        Oct 2021 - Jan 2022
        3,393 members",8.33,https://cdn.myanimelist.net/r/50x70/images/anime/1029/118861.jpg?s=7c7bb3a46d1e1cc7f4e8f4fbfbd16b33
Katanagatari,"TV (12 eps)
        Jan 2010 - Dec 2010
        514,711 members",8.33,https://cdn.myanimelist.net/r/50x70/images/anime/1112/119225.jpg?s=8483e6dd4b09a1e78b981c0c4ed407c4
Kemono no Souja Erin,"TV (50 eps)
        Jan 2009 - Dec 2009
        78,569 members",8.33,https://cdn.myanimelist.net/r/50x70/images/anime/9/19845.jpg?s=25812ddf8cde8a5c6ea9ebf93148ec7e
Ookami to Koushinryou II,"TV (12 eps)
        Jul 2009 - Sep 2009
        449,381 members",8.33,https://cdn.myanimelist.net/r/50x70/images/anime/6/59399.jpg?s=9c18270f2db6cd2c537c9fb5c6caff26
Versailles no Bara,"TV (40 eps)
        Oct 1979 - Sep 1980
        83,652 members",8.33,https://cdn.myanimelist.net/r/50x70/images/anime/9/57043.jpg?s=9b897c61bf549192bf5785871331f8a3
Natsume Yuujinchou,"TV (13 eps)
        Jul 2008 - Sep 2008
        481,551 members",8.32,https://cdn.myanimelist.net/r/50x70/images/anime/1681/108439.jpg?s=539875b65ff54a7d3e8ea8e40cd47a85
Natsume Yuujinchou Go Specials,"Special (2 eps)
        Mar 2017 - Apr 2017
        39,790 members",8.32,https://cdn.myanimelist.net/r/50x70/images/anime/3/84887.jpg?s=bceafc2d8f76576934e823f76aebdd7e
NHK ni Youkoso!,"TV (24 eps)
        Jul 2006 - Dec 2006
        648,458 members",8.32,https://cdn.myanimelist.net/r/50x70/images/anime/3/52675.jpg?s=e0121ee07b2b86ae6fde9c7f35278a6b
Sakamichi no Apollon,"TV (12 eps)
        Apr 2012 - Jun 2012
        344,414 members",8.32,https://cdn.myanimelist.net/r/50x70/images/anime/1604/98654.jpg?s=33b1684e514164504652d1ca876ac738
Tenki no Ko,"Movie (1 eps)
        Jul 2019 - Jul 2019
        794,724 members",8.32,https://cdn.myanimelist.net/r/50x70/images/anime/1880/101146.jpg?s=9af3404e6d1a762ec2ff5730cf7b2929
Tensei shitara Slime Datta Ken 2nd Season Part 2,"TV (12 eps)
        Jul 2021 - Sep 2021
        537,138 members",8.32,https://cdn.myanimelist.net/r/50x70/images/anime/1033/118296.jpg?s=b9bf55fe3bde302bb588e99a5b40ef79
"Violet Evergarden: Kitto ""Ai"" wo Shiru Hi ga Kuru no Darou","Special (1 eps)
        Jul 2018 - Jul 2018
        273,169 members",8.32,https://cdn.myanimelist.net/r/50x70/images/anime/9/89993.jpg?s=8a5f3ffd618a69ac0c28f2b9aaa0d9ca
Boku dake ga Inai Machi,"TV (12 eps)
        Jan 2016 - Mar 2016
        1,820,020 members",8.32,https://cdn.myanimelist.net/r/50x70/images/anime/10/77957.jpg?s=27f147795f08191cf1a96a2b50e1756c
Evangelion: 2.0 You Can (Not) Advance,"Movie (1 eps)
        Jul 2009 - Jul 2009
        466,916 members",8.32,https://cdn.myanimelist.net/r/50x70/images/anime/5/74983.jpg?s=568a7140c29ba7eff0b06c46b34e2877
Fate/stay night: Unlimited Blade Works 2nd Season,"TV (13 eps)
        Apr 2015 - Jun 2015
        763,085 members",8.32,https://cdn.myanimelist.net/r/50x70/images/anime/11/72863.jpg?s=041f7099c71c5f680429b192ac00d61b
Kawaki wo Ameku,"Music (1 eps)
        Jan 2019 - Jan 2019
        24,577 members",8.32,https://cdn.myanimelist.net/r/50x70/images/anime/1541/98685.jpg?s=308d1d3ba6d5f02a7127d6f428c4bb8b
Doukyuusei (Movie),"Movie (1 eps)
        Feb 2016 - Feb 2016
        228,596 members",8.31,https://cdn.myanimelist.net/r/50x70/images/anime/3/78606.jpg?s=0a0a3af1fa785a18e5f4a98988d85df4
Hotarubi no Mori e,"Movie (1 eps)
        Sep 2011 - Sep 2011
        729,340 members",8.31,https://cdn.myanimelist.net/r/50x70/images/anime/1599/112267.jpg?s=7e39477791c4d80525b1bed137843e6c
Hunter x Hunter: Original Video Animation,"OVA (8 eps)
        Jan 2002 - Apr 2002
        115,741 members",8.31,https://cdn.myanimelist.net/r/50x70/images/anime/1/137.jpg?s=3c5ffeb645abc7c46147639522ed4e68
Initial D First Stage,"TV (26 eps)
        Apr 1998 - Dec 1998
        306,614 members",8.31,https://cdn.myanimelist.net/r/50x70/images/anime/13/6801.jpg?s=0bdc7c73cec8c42ea46a668da41221e0
Kuroko no Basket 3rd Season,"TV (25 eps)
        Jan 2015 - Jun 2015
        663,219 members",8.31,https://cdn.myanimelist.net/r/50x70/images/anime/4/68299.jpg?s=047c586d552e0b0ea90cb19074fb6ea8
Major: World Series,"OVA (2 eps)
        Dec 2011 - Jan 2012
        33,690 members",8.31,https://cdn.myanimelist.net/r/50x70/images/anime/5/75220.jpg?s=4ddb39449a7fe629b417dd8b6f16324c
Shelter (Music),"Music (1 eps)
        Oct 2016 - Oct 2016
        306,247 members",8.31,https://cdn.myanimelist.net/r/50x70/images/anime/5/82388.jpg?s=cc0c0b68fca40094c9ac8a5803338879
Shinsekai yori,"TV (25 eps)
        Sep 2012 - Mar 2013
        714,232 members",8.31,https://cdn.myanimelist.net/r/50x70/images/anime/12/36775.jpg?s=b8a7460469b03abd4a99313331e7cf61
World Trigger 3rd Season,"TV (14 eps)
        Oct 2021 - Jan 2022
        79,928 members",8.31,https://cdn.myanimelist.net/r/50x70/images/anime/1617/117474.jpg?s=d98a6c562770831a0c20e780cac505fb
Rurouni Kenshin: Meiji Kenkaku Romantan,"TV (94 eps)
        Jan 1996 - Sep 1998
        448,910 members",8.30,https://cdn.myanimelist.net/r/50x70/images/anime/1346/119505.jpg?s=1240a9a535beb6a4593b22f3a6bd48d2
Shirobako,"TV (24 eps)
        Oct 2014 - Mar 2015
        408,076 members",8.30,https://cdn.myanimelist.net/r/50x70/images/anime/1918/93511.jpg?s=b802f6b471585b9dd962ca67956a8997
Steins;Gate: Oukoubakko no Poriomania,"Special (1 eps)
        Feb 2012 - Feb 2012
        398,788 members",8.30,https://cdn.myanimelist.net/r/50x70/images/anime/7/36531.jpg?s=f43b95dfe64b76255717e873d4301c63
Beck,"TV (26 eps)
        Oct 2004 - Mar 2005
        303,439 members",8.30,https://cdn.myanimelist.net/r/50x70/images/anime/11/11636.jpg?s=5d50bc996ff42f7c3a3cc3a7aa04ddaa
Detective Conan Movie 06: The Phantom of Baker Street,"Movie (1 eps)
        Apr 2002 - Apr 2002
        69,515 members",8.30,https://cdn.myanimelist.net/r/50x70/images/anime/1400/94320.jpg?s=d3ff77dd3be364a4acd6749dae7f564d
Diamond no Ace: Second Season,"TV (51 eps)
        Apr 2015 - Mar 2016
        122,171 members",8.30,https://cdn.myanimelist.net/r/50x70/images/anime/9/74398.jpg?s=3a65df0ba1e32d5454a294bfbd29fb0e
Dr. Stone,"TV (24 eps)
        Jul 2019 - Dec 2019
        1,433,055 members",8.30,https://cdn.myanimelist.net/r/50x70/images/anime/1613/102576.jpg?s=44aa2af9cfc2523f9feb07d2b13d4196
Hibike! Euphonium 2,"TV (13 eps)
        Oct 2016 - Dec 2016
        200,744 members",8.30,https://cdn.myanimelist.net/r/50x70/images/anime/10/81155.jpg?s=132573741b7a7c619eaa7c8260c28702
Kino no Tabi: The Beautiful World,"TV (13 eps)
        Apr 2003 - Jul 2003
        273,479 members",8.30,https://cdn.myanimelist.net/r/50x70/images/anime/1763/95397.jpg?s=2a08354c0c07bf482d35b5c1ea19a74b
Ashita no Joe,"TV (79 eps)
        Apr 1970 - Sep 1971
        75,773 members",8.29,https://cdn.myanimelist.net/r/50x70/images/anime/5/64671.jpg?s=dfba4b857b18777714cb8af6fd629ec4
Fate/Zero,"TV (13 eps)
        Oct 2011 - Dec 2011
        1,350,251 members",8.29,https://cdn.myanimelist.net/r/50x70/images/anime/1887/117644.jpg?s=2d08381c9d71958d6e484f18d3520dbf
Gintama: Shinyaku Benizakura-hen,"Special (1 eps)
        Dec 2010 - Dec 2010
        38,694 members",8.29,https://cdn.myanimelist.net/r/50x70/images/anime/12/26966.jpg?s=002ef3c69ccd44b9ba97e5f28c596d5a
Tsubasa: Tokyo Revelations,"OVA (3 eps)
        Nov 2007 - Mar 2008
        89,390 members",8.29,https://cdn.myanimelist.net/r/50x70/images/anime/4/49129.jpg?s=b6656eaf9f8437a1100c6e45b90aabe7
Nodame Cantabile,"TV (23 eps)
        Jan 2007 - Jun 2007
        292,454 members",8.28,https://cdn.myanimelist.net/r/50x70/images/anime/9/11986.jpg?s=026366b29c73b058d45e0c357408c23b
Redline,"Movie (1 eps)
        Aug 2009 - Aug 2009
        325,216 members",8.28,https://cdn.myanimelist.net/r/50x70/images/anime/12/28553.jpg?s=7599b6753f08d5091209534974c60b2c
